"","BillTrack.Link","State.Link"
"1","https://www.billtrack50.com/billdetail/1384522","http://alisondb.legislature.state.al.us/ALISON/SearchableInstruments/2022RS/PrintFiles/HB11-int.pdf"
"2","https://www.billtrack50.com/billdetail/1427349","http://alisondb.legislature.state.al.us/ALISON/SearchableInstruments/2022RS/PrintFiles/HB150-int.pdf"
"3","https://www.billtrack50.com/billdetail/1447135","http://alisondb.legislature.state.al.us/ALISON/SearchableInstruments/2022RS/PrintFiles/HB266-int.pdf"
"4","https://www.billtrack50.com/billdetail/1451905","http://alisondb.legislature.state.al.us/ALISON/SearchableInstruments/2022RS/PrintFiles/HB322-enr.pdf"
"5","https://www.billtrack50.com/billdetail/1451905","http://alisondb.legislature.state.al.us/ALISON/SearchableInstruments/2022RS/PrintFiles/HB322-int.pdf"
"6","https://www.billtrack50.com/billdetail/1384524","http://alisondb.legislature.state.al.us/ALISON/SearchableInstruments/2022RS/PrintFiles/SB5-int.pdf"
"7","https://www.billtrack50.com/billdetail/1446900","http://alisondb.legislature.state.al.us/ALISON/SearchableInstruments/2022RS/PrintFiles/SB184-enr.pdf"
"8","https://www.billtrack50.com/billdetail/1446900","http://alisondb.legislature.state.al.us/ALISON/SearchableInstruments/2022RS/PrintFiles/SB184-eng.pdf"
"9","https://www.billtrack50.com/billdetail/1446900","http://alisondb.legislature.state.al.us/ALISON/SearchableInstruments/2022RS/PrintFiles/SB184-int.pdf"
"10","https://www.billtrack50.com/billdetail/1414386","http://www.akleg.gov/PDF/32/Bills/HB0228A.PDF"
"11","https://www.billtrack50.com/billdetail/1414390","http://www.akleg.gov/PDF/32/Bills/HB0230A.PDF"
"12","https://www.billtrack50.com/billdetail/1372832","http://www.akleg.gov/PDF/32/F/SB0140-1-2-040822-EED-N.PDF"
"13","https://www.billtrack50.com/billdetail/1372832","http://www.akleg.gov/PDF/32/Bills/SB0140C.PDF"
"14","https://www.billtrack50.com/billdetail/1372832","http://www.akleg.gov/PDF/32/Bills/SB0140B.PDF"
"15","https://www.billtrack50.com/billdetail/1372832","http://www.akleg.gov/PDF/32/Bills/SB0140A.PDF"
"16","https://www.billtrack50.com/billdetail/1405310","https://www.azleg.gov/legtext/55leg/2r/bills/hb2011p.pdf"
"17","https://www.billtrack50.com/billdetail/1414854","https://www.azleg.gov/legtext/55leg/2r/bills/hb2112h.pdf"
"18","https://www.billtrack50.com/billdetail/1414854","https://www.azleg.gov/legtext/55leg/2r/bills/hb2112p.pdf"
"19","https://www.billtrack50.com/billdetail/1416211","https://www.azleg.gov/legtext/55leg/2r/laws/0200.pdf"
"20","https://www.billtrack50.com/billdetail/1416211","https://www.azleg.gov/legtext/55leg/2r/bills/hb2161s.pdf"
"21","https://www.billtrack50.com/billdetail/1416211","https://www.azleg.gov/legtext/55leg/2r/bills/hb2161h.pdf"
"22","https://www.billtrack50.com/billdetail/1416211","https://www.azleg.gov/legtext/55leg/2r/bills/hb2161p.pdf"
"23","https://www.billtrack50.com/billdetail/1424110","https://www.azleg.gov/legtext/55leg/2r/bills/hb2281p.pdf"
"24","https://www.billtrack50.com/billdetail/1423444","https://www.azleg.gov/legtext/55leg/2r/bills/hb2285p.pdf"
"25","https://www.billtrack50.com/billdetail/1423457","https://www.azleg.gov/legtext/55leg/2r/bills/hb2292p.pdf"
"26","https://www.billtrack50.com/billdetail/1423627","https://www.azleg.gov/legtext/55leg/2r/bills/hb2293p.pdf"
"27","https://www.billtrack50.com/billdetail/1423506","https://www.azleg.gov/legtext/55leg/2r/bills/hb2294h.pdf"
"28","https://www.billtrack50.com/billdetail/1423506","https://www.azleg.gov/legtext/55leg/2r/bills/hb2294p.pdf"
"29","https://www.billtrack50.com/billdetail/1424089","https://www.azleg.gov/legtext/55leg/2r/bills/hb2314p.pdf"
"30","https://www.billtrack50.com/billdetail/1423676","https://www.azleg.gov/legtext/55leg/2r/laws/0380.pdf"
"31","https://www.billtrack50.com/billdetail/1423676","https://www.azleg.gov/legtext/55leg/2r/bills/hb2495s.pdf"
"32","https://www.billtrack50.com/billdetail/1423676","https://www.azleg.gov/legtext/55leg/2r/bills/hb2495h.pdf"
"33","https://www.billtrack50.com/billdetail/1423676","https://www.azleg.gov/legtext/55leg/2r/bills/hb2495p.pdf"
"34","https://www.billtrack50.com/billdetail/1437178","https://www.azleg.gov/legtext/55leg/2r/bills/hb2608p.pdf"
"35","https://www.billtrack50.com/billdetail/1407838","https://www.azleg.gov/legtext/55leg/2r/bills/sb1045p.pdf"
"36","https://www.billtrack50.com/billdetail/1407850","https://www.azleg.gov/legtext/55leg/2r/bills/sb1046p.pdf"
"37","https://www.billtrack50.com/billdetail/1414470","https://www.azleg.gov/legtext/55leg/2r/bills/sb1130p.pdf"
"38","https://www.billtrack50.com/billdetail/1414925","https://www.azleg.gov/legtext/55leg/2r/laws/0104.pdf"
"39","https://www.billtrack50.com/billdetail/1414925","https://www.azleg.gov/legtext/55leg/2r/bills/sb1138s.pdf"
"40","https://www.billtrack50.com/billdetail/1414925","https://www.azleg.gov/legtext/55leg/2r/bills/sb1138p.pdf"
"41","https://www.billtrack50.com/billdetail/1418946","https://www.azleg.gov/legtext/55leg/2r/laws/0106.pdf"
"42","https://www.billtrack50.com/billdetail/1418946","https://www.azleg.gov/legtext/55leg/2r/bills/sb1165s.pdf"
"43","https://www.billtrack50.com/billdetail/1418946","https://www.azleg.gov/legtext/55leg/2r/bills/sb1165p.pdf"
"44","https://www.billtrack50.com/billdetail/1437241","https://www.azleg.gov/legtext/55leg/2r/laws/0115.pdf"
"45","https://www.billtrack50.com/billdetail/1437241","https://www.azleg.gov/legtext/55leg/2r/bills/sb1399s.pdf"
"46","https://www.billtrack50.com/billdetail/1437241","https://www.azleg.gov/legtext/55leg/2r/bills/sb1399p.pdf"
"47","https://www.billtrack50.com/billdetail/1453650",NA
"48","https://www.billtrack50.com/billdetail/1415380","https://www.flsenate.gov/Session/Bill/2022/7/BillText/er/PDF"
"49","https://www.billtrack50.com/billdetail/1415380","https://www.flsenate.gov/Session/Bill/2022/7/BillText/e2/PDF"
"50","https://www.billtrack50.com/billdetail/1415380","https://www.flsenate.gov/Session/Bill/2022/7/BillText/e1/PDF"
"51","https://www.billtrack50.com/billdetail/1415380","https://www.flsenate.gov/Session/Bill/2022/7/BillText/c1/PDF"
"52","https://www.billtrack50.com/billdetail/1415380","https://www.flsenate.gov/Session/Bill/2022/7/BillText/Filed/PDF"
"53","https://www.billtrack50.com/billdetail/1387187","https://www.flsenate.gov/Session/Bill/2022/57/BillText/Filed/PDF"
"54","https://www.billtrack50.com/billdetail/1389298","https://www.flsenate.gov/Session/Bill/2022/211/BillText/Filed/PDF"
"55","https://www.billtrack50.com/billdetail/1392151","https://www.flsenate.gov/Session/Bill/2022/403/BillText/c1/PDF"
"56","https://www.billtrack50.com/billdetail/1392151","https://www.flsenate.gov/Session/Bill/2022/403/BillText/Filed/PDF"
"57","https://www.billtrack50.com/billdetail/1397475","https://www.flsenate.gov/Session/Bill/2022/569/BillText/c2/PDF"
"58","https://www.billtrack50.com/billdetail/1397475","https://www.flsenate.gov/Session/Bill/2022/569/BillText/c1/PDF"
"59","https://www.billtrack50.com/billdetail/1397475","https://www.flsenate.gov/Session/Bill/2022/569/BillText/Filed/PDF"
"60","https://www.billtrack50.com/billdetail/1403065","https://www.flsenate.gov/Session/Bill/2022/747/BillText/Filed/PDF"
"61","https://www.billtrack50.com/billdetail/1415541","https://www.flsenate.gov/Session/Bill/2022/1557/BillText/er/PDF"
"62","https://www.billtrack50.com/billdetail/1415541","https://www.flsenate.gov/Session/Bill/2022/1557/BillText/e1/PDF"
"63","https://www.billtrack50.com/billdetail/1415541","https://www.flsenate.gov/Session/Bill/2022/1557/BillText/c2/PDF"
"64","https://www.billtrack50.com/billdetail/1415541","https://www.flsenate.gov/Session/Bill/2022/1557/BillText/c1/PDF"
"65","https://www.billtrack50.com/billdetail/1415541","https://www.flsenate.gov/Session/Bill/2022/1557/BillText/Filed/PDF"
"66","https://www.billtrack50.com/billdetail/1415400","https://www.flsenate.gov/Session/Bill/2022/148/BillText/Filed/PDF"
"67","https://www.billtrack50.com/billdetail/1388232","https://www.flsenate.gov/Session/Bill/2022/242/BillText/Filed/PDF"
"68","https://www.billtrack50.com/billdetail/1388533","https://www.flsenate.gov/Session/Bill/2022/280/BillText/e1/PDF"
"69","https://www.billtrack50.com/billdetail/1388533","https://www.flsenate.gov/Session/Bill/2022/280/BillText/c2/PDF"
"70","https://www.billtrack50.com/billdetail/1388533","https://www.flsenate.gov/Session/Bill/2022/280/BillText/c1/PDF"
"71","https://www.billtrack50.com/billdetail/1388533","https://www.flsenate.gov/Session/Bill/2022/280/BillText/Filed/PDF"
"72","https://www.billtrack50.com/billdetail/1392180","https://www.flsenate.gov/Session/Bill/2022/620/BillText/er/PDF"
"73","https://www.billtrack50.com/billdetail/1392180","https://www.flsenate.gov/Session/Bill/2022/620/BillText/e1/PDF"
"74","https://www.billtrack50.com/billdetail/1392180","https://www.flsenate.gov/Session/Bill/2022/620/BillText/c1/PDF"
"75","https://www.billtrack50.com/billdetail/1392180","https://www.flsenate.gov/Session/Bill/2022/620/BillText/Filed/PDF"
"76","https://www.billtrack50.com/billdetail/1413811","https://www.flsenate.gov/Session/Bill/2022/1820/BillText/Filed/PDF"
"77","https://www.billtrack50.com/billdetail/1413877","https://www.flsenate.gov/Session/Bill/2022/1834/BillText/Filed/PDF"
"78","https://www.billtrack50.com/billdetail/1291155","https://www.capitol.hawaii.gov/session2022/bills/HB1304_.pdf"
"79","https://www.billtrack50.com/billdetail/1291155","https://www.capitol.hawaii.gov/session2021/bills/HB1304_.pdf"
"80","https://www.billtrack50.com/billdetail/1441156","https://legislature.idaho.gov/wp-content/uploads/sessioninfo/2022/legislation/H0488.pdf"
"81","https://www.billtrack50.com/billdetail/1461552","https://legislature.idaho.gov/wp-content/uploads/sessioninfo/2022/legislation/H0675.pdf"
"82","https://www.billtrack50.com/billdetail/1373584","https://www.ilga.gov/legislation/102/HB/PDF/10200HB4082.pdf"
"83","https://www.billtrack50.com/billdetail/1373584","http://www.ilga.gov/legislation/102/HB/PDF/10200HB4082.pdf"
"84","https://www.billtrack50.com/billdetail/1441455","https://www.ilga.gov/legislation/102/HB/PDF/10200HB5494.pdf"
"85","https://www.billtrack50.com/billdetail/1441435","https://www.ilga.gov/legislation/102/HB/PDF/10200HB5505.pdf"
"86","https://www.billtrack50.com/billdetail/1409464","http://iga.in.gov/static-documents/3/b/9/c/3b9c60d7/HB1041.05.ENRS.pdf"
"87","https://www.billtrack50.com/billdetail/1409464","http://iga.in.gov/static-documents/9/9/6/f/996f670b/HB1041.04.COMS.pdf"
"88","https://www.billtrack50.com/billdetail/1409464","http://iga.in.gov/static-documents/8/8/e/2/88e2449f/HB1041.05.ENRS.FN001.pdf"
"89","https://www.billtrack50.com/billdetail/1409464","http://iga.in.gov/static-documents/4/0/7/d/407db758/HB1041.04.COMS.FN003.pdf"
"90","https://www.billtrack50.com/billdetail/1409464","http://iga.in.gov/static-documents/8/4/b/e/84be9a84/HB1041.04.COMS.FN002.pdf"
"91","https://www.billtrack50.com/billdetail/1409464","http://iga.in.gov/static-documents/6/6/6/5/66650055/HB1041.03.ENGH.pdf"
"92","https://www.billtrack50.com/billdetail/1409464","http://iga.in.gov/static-documents/a/6/0/4/a60445c2/HB1041.04.COMS.pdf"
"93","https://www.billtrack50.com/billdetail/1409464","http://iga.in.gov/static-documents/8/d/6/4/8d642f7c/HB1041.04.COMS.FN001.pdf"
"94","https://www.billtrack50.com/billdetail/1409464","http://iga.in.gov/static-documents/1/8/1/c/181c44fb/HB1041.03.ENGH.FN002.pdf"
"95","https://www.billtrack50.com/billdetail/1409464","http://iga.in.gov/static-documents/e/e/9/e/ee9ec163/HB1041.03.ENGH.FN001.pdf"
"96","https://www.billtrack50.com/billdetail/1409464","http://iga.in.gov/static-documents/8/c/4/d/8c4d8ab1/HB1041.03.ENGH.pdf"
"97","https://www.billtrack50.com/billdetail/1409464","http://iga.in.gov/static-documents/5/0/1/3/501306b9/HB1041.02.COMH.pdf"
"98","https://www.billtrack50.com/billdetail/1409464","http://iga.in.gov/static-documents/3/7/0/a/370aa0d7/HB1041.01.INTR.pdf"
"99","https://www.billtrack50.com/billdetail/1409464","http://iga.in.gov/static-documents/5/9/c/a/59caa9a2/HB1041.02.COMH.FN001.pdf"
"100","https://www.billtrack50.com/billdetail/1409464","http://iga.in.gov/static-documents/6/0/3/1/603115db/HB1041.01.INTR.pdf"
"101","https://www.billtrack50.com/billdetail/1409464","http://iga.in.gov/static-documents/e/a/d/c/eadcd14a/HB1041.01.INTR.FN001.pdf"
"102","https://www.billtrack50.com/billdetail/1410619","http://iga.in.gov/static-documents/a/2/7/f/a27f7561/HB1134.04.COMS.FN001.pdf"
"103","https://www.billtrack50.com/billdetail/1410619","http://iga.in.gov/static-documents/8/e/8/0/8e801002/HB1134.04.COMS.pdf"
"104","https://www.billtrack50.com/billdetail/1410619","http://iga.in.gov/static-documents/5/9/0/d/590d893c/HB1134.03.ENGH.pdf"
"105","https://www.billtrack50.com/billdetail/1410619","http://iga.in.gov/static-documents/4/6/5/9/46599f1f/HB1134.03.ENGH.FN002.pdf"
"106","https://www.billtrack50.com/billdetail/1410619","http://iga.in.gov/static-documents/7/6/7/1/7671e6e6/HB1134.03.ENGH.pdf"
"107","https://www.billtrack50.com/billdetail/1410619","http://iga.in.gov/static-documents/3/f/c/1/3fc14b76/HB1134.03.ENGH.FN001.pdf"
"108","https://www.billtrack50.com/billdetail/1410619","http://iga.in.gov/static-documents/4/4/4/d/444db694/HB1134.02.COMH.pdf"
"109","https://www.billtrack50.com/billdetail/1410619","http://iga.in.gov/static-documents/1/6/0/4/16042520/HB1134.02.COMH.FN001.pdf"
"110","https://www.billtrack50.com/billdetail/1410619","http://iga.in.gov/static-documents/4/e/d/0/4ed0eec5/HB1134.01.INTR.pdf"
"111","https://www.billtrack50.com/billdetail/1410619","http://iga.in.gov/static-documents/b/b/0/5/bb055c47/HB1134.01.INTR.FN001.pdf"
"112","https://www.billtrack50.com/billdetail/1411668","http://iga.in.gov/static-documents/a/5/0/4/a504f35e/HB1228.01.INTR.pdf"
"113","https://www.billtrack50.com/billdetail/1411668","http://iga.in.gov/static-documents/2/8/9/9/289900e2/HB1228.01.INTR.FN001.pdf"
"114","https://www.billtrack50.com/billdetail/1407002","http://iga.in.gov/static-documents/3/3/f/9/33f91890/SB0034.01.INTR.pdf"
"115","https://www.billtrack50.com/billdetail/1407002","http://iga.in.gov/static-documents/f/0/0/8/f008cca4/SB0034.01.INTR.FN001.pdf"
"116","https://www.billtrack50.com/billdetail/1416729","http://iga.in.gov/static-documents/e/7/c/4/e7c4d7e9/SB0402.01.INTR.pdf"
"117","https://www.billtrack50.com/billdetail/1416729","http://iga.in.gov/static-documents/3/3/5/0/3350e5ae/SB0402.01.INTR.FN001.pdf"
"118","https://www.billtrack50.com/billdetail/1416938","http://iga.in.gov/static-documents/6/5/8/1/6581b584/SB0415.01.INTR.pdf"
"119","https://www.billtrack50.com/billdetail/1416938","http://iga.in.gov/static-documents/4/d/3/a/4d3a57c8/SB0415.01.INTR.FN001.pdf"
"120","https://www.billtrack50.com/billdetail/1283132","https://www.legis.iowa.gov/docs/publications/LGI/89/HF184.pdf"
"121","https://www.billtrack50.com/billdetail/1283150","https://www.legis.iowa.gov/docs/publications/LGI/89/HF187.pdf"
"122","https://www.billtrack50.com/billdetail/1282900","https://www.legis.iowa.gov/docs/publications/LGI/89/HF193.pdf"
"123","https://www.billtrack50.com/billdetail/1292627","https://www.legis.iowa.gov/docs/publications/LGI/89/HF272.pdf"
"124","https://www.billtrack50.com/billdetail/1298520","https://www.legis.iowa.gov/docs/publications/LGI/89/HF334.pdf"
"125","https://www.billtrack50.com/billdetail/1299057","https://www.legis.iowa.gov/docs/publications/LGI/89/HF340.pdf"
"126","https://www.billtrack50.com/billdetail/1299119","https://www.legis.iowa.gov/docs/publications/LGI/89/HF341.pdf"
"127","https://www.billtrack50.com/billdetail/1304810","https://www.legis.iowa.gov/docs/publications/LGI/89/HF405.pdf"
"128","https://www.billtrack50.com/billdetail/1451372","https://www.legis.iowa.gov/docs/publications/LGI/89/HF2309.pdf"
"129","https://www.billtrack50.com/billdetail/1456747","https://www.legis.iowa.gov/docs/publications/LGE/89/HF2416.pdf"
"130","https://www.billtrack50.com/billdetail/1456747","https://www.legis.iowa.gov/docs/publications/LGR/89/HF2416.pdf"
"131","https://www.billtrack50.com/billdetail/1456747","https://www.legis.iowa.gov/docs/publications/LGI/89/HF2416.pdf"
"132","https://www.billtrack50.com/billdetail/1430242","https://www.legis.iowa.gov/docs/publications/LGI/89/HSB593.pdf"
"133","https://www.billtrack50.com/billdetail/1298828","https://www.legis.iowa.gov/docs/publications/LGI/89/SF224.pdf"
"134","https://www.billtrack50.com/billdetail/1326332","https://www.legis.iowa.gov/docs/publications/LGI/89/SF436.pdf"
"135","https://www.billtrack50.com/billdetail/1424397","https://www.legis.iowa.gov/docs/publications/LGI/89/SF2025.pdf"
"136","https://www.billtrack50.com/billdetail/1443889","https://www.legis.iowa.gov/docs/publications/LGI/89/SF2170.pdf"
"137","https://www.billtrack50.com/billdetail/1448855","https://www.legis.iowa.gov/docs/publications/LGI/89/SF2205.pdf"
"138","https://www.billtrack50.com/billdetail/1456423","https://www.legis.iowa.gov/docs/publications/LGI/89/SF2284.pdf"
"139","https://www.billtrack50.com/billdetail/1458476","https://www.legis.iowa.gov/docs/publications/LGI/89/SF2342.pdf"
"140","https://www.billtrack50.com/billdetail/1457146","https://www.legis.iowa.gov/docs/publications/LGI/89/SSB3146.pdf"
"141","https://www.billtrack50.com/billdetail/1300320","http://kslegislature.org/li/b2021_22/measures/documents/hb2210_00_0000.pdf"
"142","https://www.billtrack50.com/billdetail/1451809","http://kslegislature.org/li/b2021_22/measures/documents/hb2662_02_0000.pdf"
"143","https://www.billtrack50.com/billdetail/1451809","http://kslegislature.org/li/b2021_22/measures/documents/hb2662_01_0000.pdf"
"144","https://www.billtrack50.com/billdetail/1451809","http://kslegislature.org/li/b2021_22/measures/documents/hb2662_00_0000.pdf"
"145","https://www.billtrack50.com/billdetail/1280980","http://kslegislature.org/li/b2021_22/measures/documents/sb58_enrolled.pdf"
"146","https://www.billtrack50.com/billdetail/1280980","http://kslegislature.org/li/b2021_22/measures/documents/sb58_01_0000.pdf"
"147","https://www.billtrack50.com/billdetail/1280980","http://kslegislature.org/li/b2021_22/measures/documents/sb58_00_0000.pdf"
"148","https://www.billtrack50.com/billdetail/1305405","http://kslegislature.org/li/b2021_22/measures/documents/sb160_enrolled.pdf"
"149","https://www.billtrack50.com/billdetail/1305405","http://kslegislature.org/li/b2021_22/measures/documents/sb160_01_0000.pdf"
"150","https://www.billtrack50.com/billdetail/1305405","http://kslegislature.org/li/b2021_22/measures/documents/sb160_00_0000.pdf"
"151","https://www.billtrack50.com/billdetail/1311231","http://kslegislature.org/li/b2021_22/measures/documents/sb208_01_0000.pdf"
"152","https://www.billtrack50.com/billdetail/1311231","http://kslegislature.org/li/b2021_22/measures/documents/sb208_00_0000.pdf"
"153","https://www.billtrack50.com/billdetail/1310600","http://kslegislature.org/li/b2021_22/measures/documents/sb214_00_0000.pdf"
"154","https://www.billtrack50.com/billdetail/1451901","http://kslegislature.org/li/b2021_22/measures/documents/sb484_00_0000.pdf"
"155","https://www.billtrack50.com/billdetail/1453274","http://kslegislature.org/li/b2021_22/measures/documents/sb496_01_0000.pdf"
"156","https://www.billtrack50.com/billdetail/1453274","http://kslegislature.org/li/b2021_22/measures/documents/sb496_00_0000.pdf"
"157","https://www.billtrack50.com/billdetail/1456490","http://kslegislature.org/li/b2021_22/measures/documents/sb515_00_0000.pdf"
"158","https://www.billtrack50.com/billdetail/1410818","https://apps.legislature.ky.gov/recorddocuments/bill/22RS/hb14/orig_bill.pdf"
"159","https://www.billtrack50.com/billdetail/1410758","https://apps.legislature.ky.gov/recorddocuments/bill/22RS/hb23/orig_bill.pdf"
"160","https://www.billtrack50.com/billdetail/1414065","https://apps.legislature.ky.gov/recorddocuments/bill/22RS/hb253/orig_bill.pdf"
"161","https://www.billtrack50.com/billdetail/1453789","https://apps.legislature.ky.gov/recorddocuments/bill/22RS/hb487/orig_bill.pdf"
"162","https://www.billtrack50.com/billdetail/1455448","https://apps.legislature.ky.gov/recorddocuments/bill/22RS/hb495/orig_bill.pdf"
"163","https://www.billtrack50.com/billdetail/1461620","https://apps.legislature.ky.gov/recorddocuments/bill/22RS/hb570/orig_bill.pdf"
"164","https://www.billtrack50.com/billdetail/1416206","https://apps.legislature.ky.gov/law/acts/22RS/documents/0198.pdf"
"165","https://www.billtrack50.com/billdetail/1416206","https://apps.legislature.ky.gov/recorddocuments/bill/22RS/sb83/bill.pdf"
"166","https://www.billtrack50.com/billdetail/1416206","https://apps.legislature.ky.gov/recorddocuments/bill/22RS/sb83/orig_bill.pdf"
"167","https://www.billtrack50.com/billdetail/1416378","https://apps.legislature.ky.gov/recorddocuments/bill/22RS/sb84/orig_bill.pdf"
"168","https://www.billtrack50.com/billdetail/1446670","https://mgaleg.maryland.gov/2022RS/bills/hb/hb0757f.pdf"
"169","https://www.billtrack50.com/billdetail/1461851","http://www.legislature.mi.gov/documents/2021-2022/billengrossed/House/pdf/2022-HEBS-5795.pdf"
"170","https://www.billtrack50.com/billdetail/1461851","http://www.legislature.mi.gov/documents/2021-2022/billengrossed/House/pdf/2022-HEBH-5795.pdf"
"171","https://www.billtrack50.com/billdetail/1461851","http://www.legislature.mi.gov/documents/2021-2022/billintroduced/House/pdf/2022-HIB-5795.pdf"
"172","https://www.billtrack50.com/billdetail/1342111","http://www.legislature.mi.gov/documents/2021-2022/billintroduced/Senate/pdf/2021-SIB-0218.pdf"
"173","https://www.billtrack50.com/billdetail/1375384","http://www.legislature.mi.gov/documents/2021-2022/billintroduced/Senate/pdf/2021-SIB-0460.pdf"
"174","https://www.billtrack50.com/billdetail/1292512","https://www.revisor.mn.gov/bills/text.php?number=HF350&version=0&session=ls92&session_year=2021&session_number=0&format=pdf"
"175","https://www.billtrack50.com/billdetail/1292427","https://www.revisor.mn.gov/bills/text.php?number=HF352&version=0&session=ls92&session_year=2021&session_number=0&format=pdf"
"176","https://www.billtrack50.com/billdetail/1330021","https://www.revisor.mn.gov/bills/text.php?number=HF1657&version=0&session=ls92&session_year=2021&session_number=0&format=pdf"
"177","https://www.billtrack50.com/billdetail/1463268","https://www.revisor.mn.gov/bills/text.php?number=HF3843&version=0&session=ls92&session_year=2022&session_number=0&format=pdf"
"178","https://www.billtrack50.com/billdetail/1471631","https://www.revisor.mn.gov/bills/text.php?number=HF4282&version=0&session=ls92&session_year=2022&session_number=0&format=pdf"
"179","https://www.billtrack50.com/billdetail/1481303","https://www.revisor.mn.gov/bills/text.php?number=HF4827&version=0&session=ls92&session_year=2022&session_number=0&format=pdf"
"180","https://www.billtrack50.com/billdetail/1269994","https://www.revisor.mn.gov/bills/text.php?number=SF96&version=0&session=ls92&session_year=2021&session_number=0&format=pdf"
"181","https://www.billtrack50.com/billdetail/1411729","http://billstatus.ls.state.ms.us/2022/pdf/history/HB/HB0437.xml"
"182","https://www.billtrack50.com/billdetail/1411729","http://billstatus.ls.state.ms.us/documents/2022/pdf/HB/0400-0499/HB0437IN.pdf"
"183","https://www.billtrack50.com/billdetail/1430344","http://billstatus.ls.state.ms.us/2022/pdf/history/HB/HB1099.xml"
"184","https://www.billtrack50.com/billdetail/1430344","http://billstatus.ls.state.ms.us/documents/2022/pdf/HB/1000-1099/HB1099PS.pdf"
"185","https://www.billtrack50.com/billdetail/1430344","http://billstatus.ls.state.ms.us/documents/2022/pdf/HB/1000-1099/HB1099CS.pdf"
"186","https://www.billtrack50.com/billdetail/1430344","http://billstatus.ls.state.ms.us/documents/2022/pdf/HB/1000-1099/HB1099IN.pdf"
"187","https://www.billtrack50.com/billdetail/1440013","http://billstatus.ls.state.ms.us/2022/pdf/history/HB/HB1491.xml"
"188","https://www.billtrack50.com/billdetail/1440013","http://billstatus.ls.state.ms.us/documents/2022/pdf/HB/1400-1499/HB1491IN.pdf"
"189","https://www.billtrack50.com/billdetail/1439997","http://billstatus.ls.state.ms.us/2022/pdf/history/HB/HB1492.xml"
"190","https://www.billtrack50.com/billdetail/1439997","http://billstatus.ls.state.ms.us/documents/2022/pdf/HB/1400-1499/HB1492IN.pdf"
"191","https://www.billtrack50.com/billdetail/1440155","http://billstatus.ls.state.ms.us/2022/pdf/history/HB/HB1493.xml"
"192","https://www.billtrack50.com/billdetail/1440155","http://billstatus.ls.state.ms.us/documents/2022/pdf/HB/1400-1499/HB1493IN.pdf"
"193","https://www.billtrack50.com/billdetail/1426874","http://billstatus.ls.state.ms.us/2022/pdf/history/HC/HC0022.xml"
"194","https://www.billtrack50.com/billdetail/1426874","http://billstatus.ls.state.ms.us/documents/2022/pdf/HC/HC0022IN.pdf"
"195","https://www.billtrack50.com/billdetail/1427235","http://billstatus.ls.state.ms.us/2022/pdf/history/HR/HR0010.xml"
"196","https://www.billtrack50.com/billdetail/1427235","http://billstatus.ls.state.ms.us/documents/2022/pdf/HR/HR0010IN.pdf"
"197","https://www.billtrack50.com/billdetail/1418973","http://billstatus.ls.state.ms.us/2022/pdf/history/SB/SB2111.xml"
"198","https://www.billtrack50.com/billdetail/1418973","http://billstatus.ls.state.ms.us/documents/2022/pdf/SB/2100-2199/SB2111IN.pdf"
"199","https://www.billtrack50.com/billdetail/1419312","http://billstatus.ls.state.ms.us/2022/pdf/history/SB/SB2113.xml"
"200","https://www.billtrack50.com/billdetail/1419312","http://billstatus.ls.state.ms.us/documents/2022/pdf/SB/2100-2199/SB2113SG.pdf"
"201","https://www.billtrack50.com/billdetail/1419312","http://billstatus.ls.state.ms.us/documents/2022/pdf/SB/2100-2199/SB2113PS.pdf"
"202","https://www.billtrack50.com/billdetail/1419312","http://billstatus.ls.state.ms.us/documents/2022/pdf/SB/2100-2199/SB2113CS.pdf"
"203","https://www.billtrack50.com/billdetail/1419312","http://billstatus.ls.state.ms.us/documents/2022/pdf/SB/2100-2199/SB2113IN.pdf"
"204","https://www.billtrack50.com/billdetail/1423887","http://billstatus.ls.state.ms.us/2022/pdf/history/SB/SB2171.xml"
"205","https://www.billtrack50.com/billdetail/1423887","http://billstatus.ls.state.ms.us/documents/2022/pdf/SB/2100-2199/SB2171IN.pdf"
"206","https://www.billtrack50.com/billdetail/1425472","http://billstatus.ls.state.ms.us/2022/pdf/history/SB/SB2356.xml"
"207","https://www.billtrack50.com/billdetail/1425472","http://billstatus.ls.state.ms.us/documents/2022/pdf/SB/2300-2399/SB2356CS.pdf"
"208","https://www.billtrack50.com/billdetail/1425472","http://billstatus.ls.state.ms.us/documents/2022/pdf/SB/2300-2399/SB2356IN.pdf"
"209","https://www.billtrack50.com/billdetail/1427846","http://billstatus.ls.state.ms.us/2022/pdf/history/SB/SB2679.xml"
"210","https://www.billtrack50.com/billdetail/1427846","http://billstatus.ls.state.ms.us/documents/2022/pdf/SB/2600-2699/SB2679IN.pdf"
"211","https://www.billtrack50.com/billdetail/1427875","http://billstatus.ls.state.ms.us/2022/pdf/history/SB/SB2728.xml"
"212","https://www.billtrack50.com/billdetail/1427875","http://billstatus.ls.state.ms.us/documents/2022/pdf/SB/2700-2799/SB2728IN.pdf"
"213","https://www.billtrack50.com/billdetail/1403755","https://www.house.mo.gov/billtracking/bills221/hlrbillspdf/4071H.01I.pdf"
"214","https://www.billtrack50.com/billdetail/1403386","https://www.house.mo.gov/billtracking/bills221/hlrbillspdf/3098H.01I.pdf"
"215","https://www.billtrack50.com/billdetail/1403761","https://www.house.mo.gov/billtracking/bills221/hlrbillspdf/3667H.01I.pdf"
"216","https://www.billtrack50.com/billdetail/1403463","https://www.house.mo.gov/billtracking/bills221/hlrbillspdf/3668H.02C.pdf"
"217","https://www.billtrack50.com/billdetail/1403463","https://www.house.mo.gov/billtracking/bills221/hlrbillspdf/3668H.01I.pdf"
"218","https://www.billtrack50.com/billdetail/1404815","https://www.house.mo.gov/billtracking/bills221/hlrbillspdf/4178H.01I.pdf"
"219","https://www.billtrack50.com/billdetail/1406866","https://www.house.mo.gov/billtracking/bills221/hlrbillspdf/4180H.03C.pdf"
"220","https://www.billtrack50.com/billdetail/1406866","https://www.house.mo.gov/billtracking/bills221/hlrbillspdf/4180H.01I.pdf"
"221","https://www.billtrack50.com/billdetail/1407926","https://www.house.mo.gov/billtracking/bills221/hlrbillspdf/3998H.01I.pdf"
"222","https://www.billtrack50.com/billdetail/1411058","https://www.house.mo.gov/billtracking/bills221/hlrbillspdf/4415H.01I.pdf"
"223","https://www.billtrack50.com/billdetail/1426009","https://www.house.mo.gov/billtracking/bills221/hlrbillspdf/4841H.02I.pdf"
"224","https://www.billtrack50.com/billdetail/1450204","https://www.house.mo.gov/billtracking/bills221/hlrbillspdf/4167H.01I.pdf"
"225","https://www.billtrack50.com/billdetail/1460652","https://www.house.mo.gov/billtracking/bills221/hlrbillspdf/5664H.02C.pdf"
"226","https://www.billtrack50.com/billdetail/1460652","https://www.house.mo.gov/billtracking/bills221/hlrbillspdf/5664H.01I.pdf"
"227","https://www.billtrack50.com/billdetail/1460606","https://www.house.mo.gov/billtracking/bills221/hlrbillspdf/5663H.01I.pdf"
"228","https://www.billtrack50.com/billdetail/1404147","https://www.senate.mo.gov/22info/pdf-bill/intro/SB694.pdf"
"229","https://www.billtrack50.com/billdetail/1404025","https://www.senate.mo.gov/22info/pdf-bill/intro/SB740.pdf"
"230","https://www.billtrack50.com/billdetail/1404115","https://www.senate.mo.gov/22info/pdf-bill/comm/SB781.pdf"
"231","https://www.billtrack50.com/billdetail/1404115","https://www.senate.mo.gov/22info/pdf-bill/SCSfromResearch/SB781.pdf"
"232","https://www.billtrack50.com/billdetail/1404115","https://www.senate.mo.gov/22info/pdf-bill/intro/SB781.pdf"
"233","https://www.billtrack50.com/billdetail/1404032","https://www.senate.mo.gov/22info/pdf-bill/comm/SB843.pdf"
"234","https://www.billtrack50.com/billdetail/1404032","https://www.senate.mo.gov/22info/pdf-bill/SCSfromResearch/SB843.pdf"
"235","https://www.billtrack50.com/billdetail/1404032","https://www.senate.mo.gov/22info/pdf-bill/intro/SB843.pdf"
"236","https://www.billtrack50.com/billdetail/1443647","https://www.senate.mo.gov/22info/pdf-bill/intro/SB1117.pdf"
"237","https://www.billtrack50.com/billdetail/1415680","https://nebraskalegislature.gov/FloorDocs/107/PDF/Intro/LB963.pdf"
"238","https://www.billtrack50.com/billdetail/1426512","https://nebraskalegislature.gov/FloorDocs/107/PDF/Intro/LB1077.pdf"
"239","https://www.billtrack50.com/billdetail/1421058","https://www.njleg.state.nj.us/Bills/2022/A1000/783_I1.PDF"
"240","https://www.billtrack50.com/billdetail/1405083","https://www.njleg.state.nj.us/2020/Bills/A9999/6136_I1.PDF"
"241","https://www.billtrack50.com/billdetail/1421016","https://www.njleg.state.nj.us/Bills/2022/S1000/598_I1.PDF"
"242","https://www.billtrack50.com/billdetail/1402722","https://www.njleg.state.nj.us/Bills/2020/S4500/4166_I1.PDF"
"243","https://www.billtrack50.com/billdetail/1402722","https://www.njleg.state.nj.us/2020/Bills/S4500/4166_I1.PDF"
"244","https://www.billtrack50.com/billdetail/1429925","https://www.nmlegis.gov/Sessions/22%20Regular/bills/house/HB0091.pdf"
"245","https://www.billtrack50.com/billdetail/1351221","https://www.ncleg.gov/Sessions/2021/Bills/House/PDF/H358v1.pdf"
"246","https://www.billtrack50.com/billdetail/1351221","https://www.ncleg.gov/Sessions/2021/Bills/House/PDF/H358v0.pdf"
"247","https://www.billtrack50.com/billdetail/1355781","https://www.ncleg.gov/Sessions/2021/Bills/Senate/PDF/S514v1.pdf"
"248","https://www.billtrack50.com/billdetail/1355781","https://www.ncleg.gov/Sessions/2021/Bills/Senate/PDF/S514v0.pdf"
"249","https://www.billtrack50.com/billdetail/1302835","https://www.legislature.ohio.gov/download?key=17195&format=pdf"
"250","https://www.billtrack50.com/billdetail/1302835","https://search-prod.lis.state.oh.us/solarapi/v1/general_assembly_134/bills/hb61/IN/00?format=pdf"
"251","https://www.billtrack50.com/billdetail/1376667","https://search-prod.lis.state.oh.us/solarapi/v1/general_assembly_134/bills/hb322/IN/00/hb322_00_IN?format=pdf"
"252","https://www.billtrack50.com/billdetail/1376762","https://www.legislature.ohio.gov/download?key=18408&format=pdf"
"253","https://www.billtrack50.com/billdetail/1376762","https://www.legislature.ohio.gov/download?key=17680&format=pdf"
"254","https://www.billtrack50.com/billdetail/1376762","https://www.legislature.ohio.gov/download?key=17020&format=pdf"
"255","https://www.billtrack50.com/billdetail/1376762","https://search-prod.lis.state.oh.us/solarapi/v1/general_assembly_134/bills/hb327/IN/00/hb327_00_IN?format=pdf"
"256","https://www.billtrack50.com/billdetail/1391368","https://www.legislature.ohio.gov/download?key=19714&format=pdf"
"257","https://www.billtrack50.com/billdetail/1391368","https://search-prod.lis.state.oh.us/solarapi/v1/general_assembly_134/bills/hb454/IN/00/hb454_00_IN?format=pdf"
"258","https://www.billtrack50.com/billdetail/1347947","https://search-prod.lis.state.oh.us/solarapi/v1/general_assembly_134/bills/sb132/IN/00?format=pdf"
"259","https://www.billtrack50.com/billdetail/1271109","http://webserver1.lsb.state.ok.us/cf_pdf/2021-22%20FLR/SFLR/HB1074%20SFLR.PDF"
"260","https://www.billtrack50.com/billdetail/1271109","http://webserver1.lsb.state.ok.us/cf_pdf/2021-22%20ENGR/hB/HB1074%20ENGR.PDF"
"261","https://www.billtrack50.com/billdetail/1271109","http://webserver1.lsb.state.ok.us/cf_pdf/2021-22%20FLR/HFLR/HB1074%20HFLR.PDF"
"262","https://www.billtrack50.com/billdetail/1271109","http://webserver1.lsb.state.ok.us/cf_pdf/2021-22%20INT/hB/HB1074%20INT.PDF"
"263","https://www.billtrack50.com/billdetail/1271316","http://webserver1.lsb.state.ok.us/cf_pdf/2021-22%20FLR/SFLR/HB1076%20SFLR.PDF"
"264","https://www.billtrack50.com/billdetail/1271316","http://webserver1.lsb.state.ok.us/cf_pdf/2021-22%20ENGR/hB/HB1076%20ENGR.PDF"
"265","https://www.billtrack50.com/billdetail/1271316","http://webserver1.lsb.state.ok.us/cf_pdf/2021-22%20FLR/HFLR/HB1076%20HFLR.PDF"
"266","https://www.billtrack50.com/billdetail/1271316","http://webserver1.lsb.state.ok.us/cf_pdf/2021-22%20INT/hB/HB1076%20INT.PDF"
"267","https://www.billtrack50.com/billdetail/1397866","http://webserver1.lsb.state.ok.us/cf_pdf/2021-22%20FLR/HFLR/HB2973%20HFLR.PDF"
"268","https://www.billtrack50.com/billdetail/1397866","http://webserver1.lsb.state.ok.us/cf_pdf/2021-22%20INT/hB/HB2973%20INT.PDF"
"269","https://www.billtrack50.com/billdetail/1428790","http://webserver1.lsb.state.ok.us/cf_pdf/2021-22%20INT/hB/HB3240%20INT.PDF"
"270","https://www.billtrack50.com/billdetail/1432904","http://webserver1.lsb.state.ok.us/cf_pdf/2021-22%20ENGR/hB/HB4245%20ENGR.PDF"
"271","https://www.billtrack50.com/billdetail/1432904","http://webserver1.lsb.state.ok.us/cf_pdf/2021-22%20FLR/HFLR/HB4245%20HFLR.PDF"
"272","https://www.billtrack50.com/billdetail/1432904","http://webserver1.lsb.state.ok.us/cf_pdf/2021-22%20COMMITTEE%20SUBS/HCS/HB4245%20CS.PDF"
"273","https://www.billtrack50.com/billdetail/1432904","http://webserver1.lsb.state.ok.us/cf_pdf/2021-22%20INT/hB/HB4245%20INT.PDF"
"274","https://www.billtrack50.com/billdetail/1432628","http://webserver1.lsb.state.ok.us/cf_pdf/2021-22%20FLR/SFLR/HB4387%20SFLR.PDF"
"275","https://www.billtrack50.com/billdetail/1432628","http://webserver1.lsb.state.ok.us/cf_pdf/2021-22%20ENGR/hB/HB4387%20ENGR.PDF"
"276","https://www.billtrack50.com/billdetail/1432628","http://webserver1.lsb.state.ok.us/cf_pdf/2021-22%20FLR/HFLR/HB4387%20HFLR.PDF"
"277","https://www.billtrack50.com/billdetail/1432628","http://webserver1.lsb.state.ok.us/cf_pdf/2021-22%20COMMITTEE%20SUBS/HCS/HB4387%20CS.PDF"
"278","https://www.billtrack50.com/billdetail/1432628","http://webserver1.lsb.state.ok.us/cf_pdf/2021-22%20INT/hB/HB4387%20INT.PDF"
"279","https://www.billtrack50.com/billdetail/1247521","http://webserver1.lsb.state.ok.us/cf_pdf/2021-22%20ENR/SB/SB2%20ENR.PDF"
"280","https://www.billtrack50.com/billdetail/1247521","http://webserver1.lsb.state.ok.us/cf_pdf/2021-22%20AMENDMENTS/Amendment%20&%20Engr/SB2%20HASB%20&%20ENGR.PDF"
"281","https://www.billtrack50.com/billdetail/1247521","http://webserver1.lsb.state.ok.us/cf_pdf/2021-22%20FLR/HFLR/SB2%20HFLR.PDF"
"282","https://www.billtrack50.com/billdetail/1247521","http://webserver1.lsb.state.ok.us/cf_pdf/2021-22%20COMMITTEE%20SUBS/HCSS/SB2%20HCS.PDF"
"283","https://www.billtrack50.com/billdetail/1247521","http://webserver1.lsb.state.ok.us/cf_pdf/2021-22%20ENGR/SB/SB2%20ENGR.PDF"
"284","https://www.billtrack50.com/billdetail/1247521","http://webserver1.lsb.state.ok.us/cf_pdf/2021-22%20FLR/SFLR/SB2%20SFLR.PDF"
"285","https://www.billtrack50.com/billdetail/1247521","http://webserver1.lsb.state.ok.us/cf_pdf/2021-22%20INT/SB/SB2%20INT.PDF"
"286","https://www.billtrack50.com/billdetail/1263376","http://webserver1.lsb.state.ok.us/cf_pdf/2021-22%20INT/SB/SB331%20INT.PDF"
"287","https://www.billtrack50.com/billdetail/1279116","http://webserver1.lsb.state.ok.us/cf_pdf/2021-22%20INT/SB/SB583%20INT.PDF"
"288","https://www.billtrack50.com/billdetail/1279660","http://webserver1.lsb.state.ok.us/cf_pdf/2021-22%20ENR/SB/SB615%20ENR.PDF"
"289","https://www.billtrack50.com/billdetail/1279660","http://webserver1.lsb.state.ok.us/cf_pdf/2021-22%20COMMITTEE%20SUBS/SCCS/SB615%20CCS.PDF"
"290","https://www.billtrack50.com/billdetail/1279660","http://webserver1.lsb.state.ok.us/cf_pdf/2021-22%20AMENDMENTS/Amendment%20&%20Engr/SB615%20HASB%20&%20ENGR.PDF"
"291","https://www.billtrack50.com/billdetail/1279660","http://webserver1.lsb.state.ok.us/cf_pdf/2021-22%20FLR/HFLR/SB615%20HFLR.PDF"
"292","https://www.billtrack50.com/billdetail/1279660","http://webserver1.lsb.state.ok.us/cf_pdf/2021-22%20COMMITTEE%20SUBS/HCSS/SB615%20HCS.PDF"
"293","https://www.billtrack50.com/billdetail/1279660","http://webserver1.lsb.state.ok.us/cf_pdf/2021-22%20ENGR/SB/SB615%20ENGR.PDF"
"294","https://www.billtrack50.com/billdetail/1279660","http://webserver1.lsb.state.ok.us/cf_pdf/2021-22%20FLR/SFLR/SB615%20SFLR.PDF"
"295","https://www.billtrack50.com/billdetail/1279660","http://webserver1.lsb.state.ok.us/cf_pdf/2021-22%20COMMITTEE%20SUBS/SCS/SB615%20CS.PDF"
"296","https://www.billtrack50.com/billdetail/1279660","http://webserver1.lsb.state.ok.us/cf_pdf/2021-22%20INT/SB/SB615%20INT.PDF"
"297","https://www.billtrack50.com/billdetail/1280601","http://webserver1.lsb.state.ok.us/cf_pdf/2021-22%20INT/SB/SB676%20INT.PDF"
"298","https://www.billtrack50.com/billdetail/1397868","http://webserver1.lsb.state.ok.us/cf_pdf/2021-22%20ENR/SB/SB1100%20ENR.PDF"
"299","https://www.billtrack50.com/billdetail/1397868","http://webserver1.lsb.state.ok.us/cf_pdf/2021-22%20FLR/HFLR/SB1100%20HFLR.PDF"
"300","https://www.billtrack50.com/billdetail/1397868","http://webserver1.lsb.state.ok.us/cf_pdf/2021-22%20ENGR/SB/SB1100%20ENGR.PDF"
"301","https://www.billtrack50.com/billdetail/1397868","http://webserver1.lsb.state.ok.us/cf_pdf/2021-22%20FLR/SFLR/SB1100%20SFLR.PDF"
"302","https://www.billtrack50.com/billdetail/1397868","http://webserver1.lsb.state.ok.us/cf_pdf/2021-22%20INT/SB/SB1100%20INT.PDF"
"303","https://www.billtrack50.com/billdetail/1406924","http://webserver1.lsb.state.ok.us/cf_pdf/2021-22%20FLR/SFLR/SB1142%20SFLR.PDF"
"304","https://www.billtrack50.com/billdetail/1406924","http://webserver1.lsb.state.ok.us/cf_pdf/2021-22%20COMMITTEE%20SUBS/SCS/SB1142%20CS.PDF"
"305","https://www.billtrack50.com/billdetail/1406924","http://webserver1.lsb.state.ok.us/cf_pdf/2021-22%20INT/SB/SB1142%20INT.PDF"
"306","https://www.billtrack50.com/billdetail/1410023","http://webserver1.lsb.state.ok.us/cf_pdf/2021-22%20INT/SB/SB1164%20INT.PDF"
"307","https://www.billtrack50.com/billdetail/1416240","http://webserver1.lsb.state.ok.us/cf_pdf/2021-22%20INT/SB/SB1249%20INT.PDF"
"308","https://www.billtrack50.com/billdetail/1430848","http://webserver1.lsb.state.ok.us/cf_pdf/2021-22%20COMMITTEE%20SUBS/SCCS/SB1522%20CCS.PDF"
"309","https://www.billtrack50.com/billdetail/1430848","http://webserver1.lsb.state.ok.us/cf_pdf/2021-22%20AMENDMENTS/Amendment%20&%20Engr/SB1522%20HASB%20&%20ENGR.PDF"
"310","https://www.billtrack50.com/billdetail/1430848","http://webserver1.lsb.state.ok.us/cf_pdf/2021-22%20FLR/HFLR/SB1522%20HFLR.PDF"
"311","https://www.billtrack50.com/billdetail/1430848","http://webserver1.lsb.state.ok.us/cf_pdf/2021-22%20COMMITTEE%20SUBS/HCSS/SB1522%20HCS.PDF"
"312","https://www.billtrack50.com/billdetail/1430848","http://webserver1.lsb.state.ok.us/cf_pdf/2021-22%20ENGR/SB/SB1522%20ENGR.PDF"
"313","https://www.billtrack50.com/billdetail/1430848","http://webserver1.lsb.state.ok.us/cf_pdf/2021-22%20FLR/SFLR/SB1522%20SFLR.PDF"
"314","https://www.billtrack50.com/billdetail/1430848","http://webserver1.lsb.state.ok.us/cf_pdf/2021-22%20INT/SB/SB1522%20INT.PDF"
"315","https://www.billtrack50.com/billdetail/1355854","https://www.legis.state.pa.us/cfdocs/legis/PN/Public/btCheck.cfm?txtType=PDF&sessYr=2021&sessInd=0&billBody=H&billTyp=B&billNbr=0972&pn=2886"
"316","https://www.billtrack50.com/billdetail/1355854","https://www.legis.state.pa.us/cfdocs/legis/PN/Public/btCheck.cfm?txtType=PDF&sessYr=2021&sessInd=0&billBody=H&billTyp=B&billNbr=0972&pn=1133"
"317","https://www.billtrack50.com/billdetail/1479169","https://www.legis.state.pa.us/cfdocs/legis/PN/Public/btCheck.cfm?txtType=PDF&sessYr=2021&sessInd=0&billBody=S&billTyp=B&billNbr=1191&pn=1562"
"318","https://www.billtrack50.com/billdetail/1465490","https://webserver.rilegislature.gov/BillText22/SenateText22/S2501.pdf"
"319","https://www.billtrack50.com/billdetail/1409582","https://mylrc.sdlegislature.gov/api/Documents/231935.pdf"
"320","https://www.billtrack50.com/billdetail/1409582","https://mylrc.sdlegislature.gov/api/Documents/225598.pdf"
"321","https://www.billtrack50.com/billdetail/1409593","https://mylrc.sdlegislature.gov/api/Documents/225599.pdf"
"322","https://www.billtrack50.com/billdetail/1411098","https://mylrc.sdlegislature.gov/api/Documents/236257.pdf"
"323","https://www.billtrack50.com/billdetail/1411098","https://mylrc.sdlegislature.gov/api/Documents/235332.pdf"
"324","https://www.billtrack50.com/billdetail/1411098","https://mylrc.sdlegislature.gov/api/Documents/233755.pdf"
"325","https://www.billtrack50.com/billdetail/1411098","https://mylrc.sdlegislature.gov/api/Documents/233030.pdf"
"326","https://www.billtrack50.com/billdetail/1411098","https://mylrc.sdlegislature.gov/api/Documents/226040.pdf"
"327","https://www.billtrack50.com/billdetail/1412385","https://mylrc.sdlegislature.gov/api/Documents/231879.pdf"
"328","https://www.billtrack50.com/billdetail/1412385","https://mylrc.sdlegislature.gov/api/Documents/228172.pdf"
"329","https://www.billtrack50.com/billdetail/1412385","https://mylrc.sdlegislature.gov/api/Documents/227409.pdf"
"330","https://www.billtrack50.com/billdetail/1412385","https://mylrc.sdlegislature.gov/api/Documents/226131.pdf"
"331","https://www.billtrack50.com/billdetail/1299924","https://www.capitol.tn.gov/Bills/112/Bill/HB0474.pdf"
"332","https://www.billtrack50.com/billdetail/1299924","http://www.capitol.tn.gov/Bills/112/Bill/HB0474.pdf"
"333","https://www.billtrack50.com/billdetail/1304071","https://www.capitol.tn.gov/Bills/112/Bill/HB0578.pdf"
"334","https://www.billtrack50.com/billdetail/1304071","http://www.capitol.tn.gov/Bills/112/Bill/HB0578.pdf"
"335","https://www.billtrack50.com/billdetail/1311135","https://www.capitol.tn.gov/Bills/112/Bill/HB1177.pdf"
"336","https://www.billtrack50.com/billdetail/1311135","http://www.capitol.tn.gov/Bills/112/Bill/HB1177.pdf"
"337","https://www.billtrack50.com/billdetail/1430583","https://publications.tnsosfiles.com/acts/112/pub/pc0909.pdf"
"338","https://www.billtrack50.com/billdetail/1430583","https://www.capitol.tn.gov/Bills/112/Bill/HB1895.pdf"
"339","https://www.billtrack50.com/billdetail/1436551","https://www.capitol.tn.gov/Bills/112/Bill/HB1944.pdf"
"340","https://www.billtrack50.com/billdetail/1442261","https://publications.tnsosfiles.com/acts/112/pub/pc0744.pdf"
"341","https://www.billtrack50.com/billdetail/1442261","https://www.capitol.tn.gov/Bills/112/Bill/HB2154.pdf"
"342","https://www.billtrack50.com/billdetail/1443266","https://www.capitol.tn.gov/Bills/112/Bill/HB2313.pdf"
"343","https://www.billtrack50.com/billdetail/1443497","https://publications.tnsosfiles.com/acts/112/pub/pc1005.pdf"
"344","https://www.billtrack50.com/billdetail/1443497","https://www.capitol.tn.gov/Bills/112/Bill/HB2316.pdf"
"345","https://www.billtrack50.com/billdetail/1443794","https://www.capitol.tn.gov/Bills/112/Bill/HB2417.pdf"
"346","https://www.billtrack50.com/billdetail/1443825","https://www.capitol.tn.gov/Bills/112/Bill/HB2451.pdf"
"347","https://www.billtrack50.com/billdetail/1443953","https://publications.tnsosfiles.com/acts/112/pub/pc1002.pdf"
"348","https://www.billtrack50.com/billdetail/1443953","https://www.capitol.tn.gov/Bills/112/Bill/HB2454.pdf"
"349","https://www.billtrack50.com/billdetail/1445361","https://www.capitol.tn.gov/Bills/112/Bill/HB2633.pdf"
"350","https://www.billtrack50.com/billdetail/1445258","https://publications.tnsosfiles.com/acts/112/pub/pc0818.pdf"
"351","https://www.billtrack50.com/billdetail/1445258","https://www.capitol.tn.gov/Bills/112/Bill/HB2670.pdf"
"352","https://www.billtrack50.com/billdetail/1445628","https://www.capitol.tn.gov/Bills/112/Bill/HB2835.pdf"
"353","https://www.billtrack50.com/billdetail/1303874","https://www.capitol.tn.gov/Bills/112/Bill/SB0435.pdf"
"354","https://www.billtrack50.com/billdetail/1303874","http://www.capitol.tn.gov/Bills/112/Bill/SB0435.pdf"
"355","https://www.billtrack50.com/billdetail/1306700","http://www.capitol.tn.gov/Bills/112/Bill/SB0657.pdf"
"356","https://www.billtrack50.com/billdetail/1313882","https://www.capitol.tn.gov/Bills/112/Bill/SB1208.pdf"
"357","https://www.billtrack50.com/billdetail/1313882","http://www.capitol.tn.gov/Bills/112/Bill/SB1208.pdf"
"358","https://www.billtrack50.com/billdetail/1313610","https://www.capitol.tn.gov/Bills/112/Bill/SB1216.pdf"
"359","https://www.billtrack50.com/billdetail/1313610","http://www.capitol.tn.gov/Bills/112/Bill/SB1216.pdf"
"360","https://www.billtrack50.com/billdetail/1312482","https://www.capitol.tn.gov/Bills/112/Bill/SB1238.pdf"
"361","https://www.billtrack50.com/billdetail/1312482","http://www.capitol.tn.gov/Bills/112/Bill/SB1238.pdf"
"362","https://www.billtrack50.com/billdetail/1430359","https://www.capitol.tn.gov/Bills/112/Bill/SB1861.pdf"
"363","https://www.billtrack50.com/billdetail/1437263","https://www.capitol.tn.gov/Bills/112/Bill/SB1944.pdf"
"364","https://www.billtrack50.com/billdetail/1442588","https://www.capitol.tn.gov/Bills/112/Bill/SB2153.pdf"
"365","https://www.billtrack50.com/billdetail/1444090","https://www.capitol.tn.gov/Bills/112/Bill/SB2283.pdf"
"366","https://www.billtrack50.com/billdetail/1443774","https://www.capitol.tn.gov/Bills/112/Bill/SB2290.pdf"
"367","https://www.billtrack50.com/billdetail/1443855","https://www.capitol.tn.gov/Bills/112/Bill/SB2292.pdf"
"368","https://www.billtrack50.com/billdetail/1443791","https://www.capitol.tn.gov/Bills/112/Bill/SB2298.pdf"
"369","https://www.billtrack50.com/billdetail/1443884","https://www.capitol.tn.gov/Bills/112/Bill/SB2360.pdf"
"370","https://www.billtrack50.com/billdetail/1444320","https://www.capitol.tn.gov/Bills/112/Bill/SB2407.pdf"
"371","https://www.billtrack50.com/billdetail/1446197","https://www.capitol.tn.gov/Bills/112/Bill/SB2696.pdf"
"372","https://www.billtrack50.com/billdetail/1446850","https://www.capitol.tn.gov/Bills/112/Bill/SB2777.pdf"
"373","https://www.billtrack50.com/billdetail/1435176","https://www.capitol.tn.gov/Bills/112/Bill/SJR0862.pdf"
"374","https://www.billtrack50.com/billdetail/1406271","https://le.utah.gov/~2022/bills/hbillenr/HB0011.pdf"
"375","https://www.billtrack50.com/billdetail/1406271","https://le.utah.gov/~2022/bills/hbillamd/HB0011S04.pdf"
"376","https://www.billtrack50.com/billdetail/1406271","https://le.utah.gov/~2022/bills/hbillint/HB0011S04.pdf"
"377","https://www.billtrack50.com/billdetail/1406271","https://le.utah.gov/~2022/bills/hbillint/HB0011S02.pdf"
"378","https://www.billtrack50.com/billdetail/1406271","https://le.utah.gov/~2022/bills/hbillint/HB0011.pdf"
"379","https://www.billtrack50.com/billdetail/1406271","http://le.utah.gov/~2022/bills/hbillint/HB0011.pdf"
"380","https://www.billtrack50.com/billdetail/1415988","https://le.utah.gov/~2022/bills/hbillint/HB0127.pdf"
"381","https://www.billtrack50.com/billdetail/1410291","https://legislature.vermont.gov/Documents/2022/Docs/BILLS/H-0497/H-0497%20As%20Introduced.pdf"
"382","https://www.billtrack50.com/billdetail/1417631","https://lis.virginia.gov/cgi-bin/legp604.exe?221+ful+HB384H3+hil+pdf"
"383","https://www.billtrack50.com/billdetail/1417631","https://lis.virginia.gov/cgi-bin/legp604.exe?221+ful+HB384ER+hil+pdf"
"384","https://www.billtrack50.com/billdetail/1417631","https://lis.virginia.gov/cgi-bin/legp604.exe?221+ful+HB384H2+hil+pdf"
"385","https://www.billtrack50.com/billdetail/1417631","https://lis.virginia.gov/cgi-bin/legp604.exe?221+ful+HB384H1+hil+pdf"
"386","https://www.billtrack50.com/billdetail/1417631","https://lis.virginia.gov/cgi-bin/legp604.exe?221+ful+HB384+hil+pdf"
"387","https://www.billtrack50.com/billdetail/1417722","https://lis.virginia.gov/cgi-bin/legp604.exe?221+ful+HB753H1+hil+pdf"
"388","https://www.billtrack50.com/billdetail/1417722","https://lis.virginia.gov/cgi-bin/legp604.exe?221+ful+HB753+hil+pdf"
"389","https://www.billtrack50.com/billdetail/1419223","https://lis.virginia.gov/cgi-bin/legp604.exe?221+ful+HB988+hil+pdf"
"390","https://www.billtrack50.com/billdetail/1418766","https://lis.virginia.gov/cgi-bin/legp604.exe?221+ful+HB1126+hil+pdf"
"391","https://www.billtrack50.com/billdetail/1407847","https://lis.virginia.gov/cgi-bin/legp604.exe?221+ful+SB20+hil+pdf"
"392","https://www.billtrack50.com/billdetail/1414987","https://lis.virginia.gov/cgi-bin/legp604.exe?221+ful+SB177+hil+pdf"
"393","https://www.billtrack50.com/billdetail/1414800","https://lis.virginia.gov/cgi-bin/legp604.exe?221+ful+SB179+hil+pdf"
"394","https://www.billtrack50.com/billdetail/1433299","https://lis.virginia.gov/cgi-bin/legp604.exe?221+ful+SB766+hil+pdf"
"395","https://www.billtrack50.com/billdetail/1349002","https://lawfilesext.leg.wa.gov/biennium/2021-22/Pdf/Bills/House%20Bills/1556.pdf"
"396","https://www.billtrack50.com/billdetail/1349002","http://lawfilesext.leg.wa.gov/biennium/2021-22/Pdf/Bills/House Bills/1556.pdf"
"397","https://www.billtrack50.com/billdetail/1412244","https://lawfilesext.leg.wa.gov/biennium/2021-22/Pdf/Bill%20Reports/House/1807%20HBA%20ED%2022.pdf"
"398","https://www.billtrack50.com/billdetail/1412244","https://lawfilesext.leg.wa.gov/biennium/2021-22/Pdf/Bills/House%20Bills/1807.pdf"
"399","https://www.billtrack50.com/billdetail/1415141","https://lawfilesext.leg.wa.gov/biennium/2021-22/Pdf/Bills/House%20Bills/1886.pdf"
"400","https://www.billtrack50.com/billdetail/1418821","https://lawfilesext.leg.wa.gov/biennium/2021-22/Pdf/Bills/House%20Bills/1960.pdf"
"401","https://www.billtrack50.com/billdetail/1352974","https://docs.legis.wisconsin.gov/document/proposaltext/2021/REG/AB195.pdf"
"402","https://www.billtrack50.com/billdetail/1352909","https://docs.legis.wisconsin.gov/document/proposaltext/2021/REG/AB196.pdf"
"403","https://www.billtrack50.com/billdetail/1388134","https://docs.legis.wisconsin.gov/document/proposaltext/2021/REG/AB562.pdf"
"404","https://www.billtrack50.com/billdetail/1456328","https://docs.legis.wisconsin.gov/document/proposaltext/2021/REG/AB977.pdf"
"405","https://www.billtrack50.com/billdetail/1367648","https://docs.legis.wisconsin.gov/document/proposaltext/2021/REG/SB322.pdf"
"406","https://www.billtrack50.com/billdetail/1367626","https://docs.legis.wisconsin.gov/document/proposaltext/2021/REG/SB323.pdf"
"407","https://www.billtrack50.com/billdetail/1444409","https://docs.legis.wisconsin.gov/document/proposaltext/2021/REG/SB915.pdf"
"408","https://www.billtrack50.com/billdetail/1453817","https://www.wyoleg.gov/2022/Introduced/HB0097.pdf"
"409","https://www.billtrack50.com/billdetail/1445083","https://www.wyoleg.gov/2022/Engross/SF0051.pdf"
"410","https://www.billtrack50.com/billdetail/1445083","https://www.wyoleg.gov/2022/Introduced/SF0051.pdf"
"411","https://www.billtrack50.com/billdetail/1456152","https://www.wyoleg.gov/2022/Engross/SF0103.pdf"
"412","https://www.billtrack50.com/billdetail/1456152","https://www.wyoleg.gov/2022/Introduced/SF0103.pdf"
"413","https://www.billtrack50.com/billdetail/1262675","http://www.akleg.gov/PDF/32/Bills/HB0017A.PDF"
"414","https://www.billtrack50.com/billdetail/1290229","https://www.azleg.gov/legtext/55leg/1r/bills/hb2744p.pdf"
"415","https://www.billtrack50.com/billdetail/1391682","https://www.flsenate.gov/Session/Bill/2022/373/BillText/Filed/PDF"
"416","https://www.billtrack50.com/billdetail/1409378","http://iga.in.gov/static-documents/2/5/f/e/25fe6b5d/SB0128.01.INTR.pdf"
"417","https://www.billtrack50.com/billdetail/1409378","http://iga.in.gov/static-documents/e/9/d/3/e9d3b6d8/SB0128.01.INTR.FN001.pdf"
"418","https://www.billtrack50.com/billdetail/1451767","http://kslegislature.org/li/b2021_22/measures/documents/hb2665_00_0000.pdf"
"419","https://www.billtrack50.com/billdetail/1410750","https://apps.legislature.ky.gov/recorddocuments/bill/22RS/hb11/orig_bill.pdf"
"420","https://www.billtrack50.com/billdetail/1410921","https://apps.legislature.ky.gov/recorddocuments/bill/22RS/hb15/orig_bill.pdf"
"421","https://www.billtrack50.com/billdetail/1325992","http://www.legislature.mi.gov/documents/2021-2022/billintroduced/House/pdf/2021-HIB-4297.pdf"
"422","https://www.billtrack50.com/billdetail/1340896","http://www.legislature.mi.gov/documents/2021-2022/billintroduced/Senate/pdf/2021-SIB-0208.pdf"
"423","https://www.billtrack50.com/billdetail/1403857","https://www.house.mo.gov/billtracking/bills221/hlrbillspdf/4018H.01I.pdf"
"424","https://www.billtrack50.com/billdetail/1404266","https://www.senate.mo.gov/22info/pdf-bill/intro/SB711.pdf"
"425","https://www.billtrack50.com/billdetail/1260838","https://nebraskalegislature.gov/FloorDocs/107/PDF/Intro/LB120.pdf"
"426","https://www.billtrack50.com/billdetail/1263379","https://nebraskalegislature.gov/FloorDocs/107/PDF/Intro/LB230.pdf"
"427","https://www.billtrack50.com/billdetail/1354203","https://www.ncleg.gov/Sessions/2021/Bills/House/PDF/H450v1.pdf"
"428","https://www.billtrack50.com/billdetail/1354203","https://www.ncleg.gov/Sessions/2021/Bills/House/PDF/H450v0.pdf"
"429","https://www.billtrack50.com/billdetail/1354214","https://www.ncleg.gov/Sessions/2021/Bills/Senate/PDF/S396v1.pdf"
"430","https://www.billtrack50.com/billdetail/1354214","https://www.ncleg.gov/Sessions/2021/Bills/Senate/PDF/S396v0.pdf"
"431","https://www.billtrack50.com/billdetail/1347760","https://search-prod.lis.state.oh.us/solarapi/v1/general_assembly_134/bills/hb208/IN/00/hb208_00_IN?format=pdf"
"432","https://www.billtrack50.com/billdetail/1347760","https://search-prod.lis.state.oh.us/solarapi/v1/general_assembly_134/bills/hb208/IN/00?format=pdf"
"433","https://www.billtrack50.com/billdetail/1341097","https://search-prod.lis.state.oh.us/solarapi/v1/general_assembly_134/bills/sb119/IN/00?format=pdf"
"434","https://www.billtrack50.com/billdetail/1342503","https://www.legis.state.pa.us/cfdocs/legis/PN/Public/btCheck.cfm?txtType=PDF&sessYr=2021&sessInd=0&billBody=S&billTyp=B&billNbr=0313&pn=0328"
"435","https://www.billtrack50.com/billdetail/1376743","https://docs.legis.wisconsin.gov/document/proposaltext/2021/REG/SB362.pdf"
